,variant,snps,mutation_class,formatted,gene_name,before,loc,after,gene_start,gene_end,mut_start,mut_end,trans_aa,pass
0,B.1.1.7,aa:orf1ab:T1001I,aa,orf1ab:T1001I,orf1ab,T,1001,I,266,21555,3265,3268,T,TRUE
1,B.1.1.7,aa:orf1ab:A1708D,aa,orf1ab:A1708D,orf1ab,A,1708,D,266,21555,5386,5389,A,TRUE
2,B.1.1.7,aa:orf1ab:I2230T,aa,orf1ab:I2230T,orf1ab,I,2230,T,266,21555,6952,6955,I,TRUE
6,B.1.1.7,aa:S:N501Y,aa,S:N501Y,S,N,501,Y,21563,25384,23062,23065,N,TRUE
7,B.1.1.7,aa:S:A570D,aa,S:A570D,S,A,570,D,21563,25384,23269,23272,A,TRUE
8,B.1.1.7,aa:S:P681H,aa,S:P681H,S,P,681,H,21563,25384,23602,23605,P,TRUE
9,B.1.1.7,aa:S:T716I,aa,S:T716I,S,T,716,I,21563,25384,23707,23710,T,TRUE
10,B.1.1.7,aa:S:S982A,aa,S:S982A,S,S,982,A,21563,25384,24505,24508,S,TRUE
11,B.1.1.7,aa:S:D1118H,aa,S:D1118H,S,D,1118,H,21563,25384,24913,24916,D,TRUE
12,B.1.1.7,aa:Orf8:Q27*,aa,Orf8:Q27*,Orf8,Q,27,*,27894,28259,27971,27974,Q,TRUE
13,B.1.1.7,aa:Orf8:R52I,aa,Orf8:R52I,Orf8,R,52,I,27894,28259,28046,28049,R,TRUE
14,B.1.1.7,aa:Orf8:Y73C,aa,Orf8:Y73C,Orf8,Y,73,C,27894,28259,28109,28112,Y,TRUE
15,B.1.1.7,aa:N:D3L,aa,N:D3L,N,D,3,L,28274,29533,28279,28282,D,TRUE
16,B.1.1.7,aa:N:S235F,aa,N:S235F,N,S,235,F,28274,29533,28975,28978,S,TRUE
17,B.1.351,aa:E:P71L,aa,E:P71L,E,P,71,L,26245,26472,26454,26457,P,TRUE
18,B.1.351,aa:N:T205I,aa,N:T205I,N,T,205,I,28274,29533,28885,28888,T,TRUE
19,B.1.351,aa:orf1a:K1655N,aa,orf1a:K1655N,orf1a,K,1655,N,266,13483,5227,5230,K,TRUE
20,B.1.351,aa:S:D80A,aa,S:D80A,S,D,80,A,21563,25384,21799,21802,D,TRUE
21,B.1.351,aa:S:D215G,aa,S:D215G,S,D,215,G,21563,25384,22204,22207,D,TRUE
22,B.1.351,aa:S:K417N,aa,S:K417N,S,K,417,N,21563,25384,22810,22813,K,TRUE
23,B.1.351,aa:S:A701V,aa,S:A701V,S,A,701,V,21563,25384,23662,23665,A,TRUE
24,B.1.351,aa:S:N501Y,aa,S:N501Y,S,N,501,Y,21563,25384,23062,23065,N,TRUE
25,B.1.351,aa:S:E484K,aa,S:E484K,S,E,484,K,21563,25384,23011,23014,E,TRUE
26,P.1,aa:orf1ab:S1188L,aa,orf1ab:S1188L,orf1ab,S,1188,L,266,21555,3826,3829,S,TRUE
27,P.1,aa:orf1ab:K1795Q,aa,orf1ab:K1795Q,orf1ab,K,1795,Q,266,21555,5647,5650,K,TRUE
29,P.1,aa:S:L18F,aa,S:L18F,S,L,18,F,21563,25384,21613,21616,L,TRUE
30,P.1,aa:S:T20N,aa,S:T20N,S,T,20,N,21563,25384,21619,21622,T,TRUE
31,P.1,aa:S:P26S,aa,S:P26S,S,P,26,S,21563,25384,21637,21640,P,TRUE
32,P.1,aa:S:D138Y,aa,S:D138Y,S,D,138,Y,21563,25384,21973,21976,D,TRUE
33,P.1,aa:S:R190S,aa,S:R190S,S,R,190,S,21563,25384,22129,22132,R,TRUE
34,P.1,aa:S:K417T,aa,S:K417T,S,K,417,T,21563,25384,22810,22813,K,TRUE
35,P.1,aa:S:E484K,aa,S:E484K,S,E,484,K,21563,25384,23011,23014,E,TRUE
36,P.1,aa:S:N501Y,aa,S:N501Y,S,N,501,Y,21563,25384,23062,23065,N,TRUE
37,P.1,aa:S:H655Y,aa,S:H655Y,S,H,655,Y,21563,25384,23524,23527,H,TRUE
38,P.1,aa:S:T1027I,aa,S:T1027I,S,T,1027,I,21563,25384,24640,24643,T,TRUE
39,P.1,aa:orf3a:G174C,aa,orf3a:G174C,orf3a,G,174,C,25393,26220,25911,25914,G,TRUE
40,P.1,aa:orf8:E92K,aa,orf8:E92K,orf8,E,92,K,27894,28259,28166,28169,E,TRUE
41,P.1,aa:N:P80R,aa,N:P80R,N,P,80,R,28274,29533,28510,28513,P,TRUE
42,A.23.1,aa:S:F157L,aa,S:F157L,S,F,157,L,21563,25384,22030,22033,F,TRUE
43,A.23.1,aa:S:V367F,aa,S:V367F,S,V,367,F,21563,25384,22660,22663,V,TRUE
44,A.23.1,aa:S:Q613H,aa,S:Q613H,S,Q,613,H,21563,25384,23398,23401,Q,TRUE
45,A.23.1,aa:S:P681R,aa,S:P681R,S,P,681,R,21563,25384,23602,23605,P,TRUE
46,B.1.525,aa:orf1ab:L4715F,aa,orf1ab:L4715F,orf1ab,L,4715,F,266,21555,14407,14410,L,TRUE
47,B.1.525,aa:S:Q52R,aa,S:Q52R,S,Q,52,R,21563,25384,21715,21718,Q,TRUE
48,B.1.525,aa:S:E484K,aa,S:E484K,S,E,484,K,21563,25384,23011,23014,E,TRUE
49,B.1.525,aa:S:Q677H,aa,S:Q677H,S,Q,677,H,21563,25384,23590,23593,Q,TRUE
50,B.1.525,aa:S:F888L,aa,S:F888L,S,F,888,L,21563,25384,24223,24226,F,TRUE
51,B.1.525,aa:E:L21F,aa,E:L21F,E,L,21,F,26245,26472,26304,26307,L,TRUE
52,B.1.525,aa:E:I82T,aa,E:I82T,E,I,82,T,26245,26472,26487,26490,Y,FALSE
,,,,,,,,,,,,,,
,The aa:E:I82T mutation does not pass our translation test. It is possible the actual amino acid position differs from the entered position (82) and is shifted in the genome by 1 bp or 1 codon. ,,,,,,,,,,,,,